accountId,balance,usdMr,mc,mcDate,accountName,hedging,usableMarginPerc,equity,usableMargin,dayPL,grossPL,date
4406950,11237.27,1561.075,N,,04406950,Y,89.16492,14407.59503,12846.52003,228.71503,3170.32503,2022-11-01 00:25:00.923185
4406950,11237.27,1561.075,N,,04406950,Y,89.61443,15031.1887,13470.1137,852.3087,3793.9187,2022-11-01 01:25:01.537607
4406950,11237.27,1561.075,N,,04406950,Y,90.4024,16265.25964,14704.18464,2086.37964,5027.98964,2022-11-01 02:25:00.724683
4406950,11237.27,1561.075,N,,04406950,Y,90.45133,16348.60756,14787.53256,2169.72756,5111.33756,2022-11-01 03:25:00.830295
4406950,11237.27,1561.075,N,,04406950,Y,90.42649,16306.194,14745.119,2127.314,5068.924,2022-11-01 04:25:01.170791
4406950,11237.27,1561.075,N,,04406950,Y,90.71101,16805.64247,15244.56747,2626.76247,5568.37247,2022-11-01 05:25:00.422034
4406950,11237.27,1561.075,N,,04406950,Y,91.34898,18044.97537,16483.90037,3866.09537,6807.70537,2022-11-01 06:25:00.948720
4406950,11237.27,1561.075,N,,04406950,Y,90.89359,17142.58894,15581.51394,2963.70894,5905.31894,2022-11-01 07:25:01.215400
4406950,11237.27,1561.075,N,,04406950,Y,91.06951,17480.27856,15919.20356,3301.39856,6243.00856,2022-11-01 08:25:00.298348
4406950,11237.27,1561.075,N,,04406950,Y,90.86653,17091.80978,15530.73478,2912.92978,5854.53978,2022-11-01 09:25:00.433650
4406950,11039.87,1561.075,N,,04406950,Y,91.22424,17788.48823,16227.41323,3609.60823,6748.61823,2022-11-01 10:25:00.847045
4406950,11039.87,1561.075,N,,04406950,Y,91.07559,17492.19152,15931.11652,3313.31152,6452.32152,2022-11-01 11:25:01.128839
4406950,11039.87,1561.075,N,,04406950,Y,91.39956,18151.10205,16590.02705,3972.22205,7111.23205,2022-11-01 12:25:00.443887
4406950,11039.87,1561.075,N,,04406950,Y,91.19671,17732.86785,16171.79285,3553.98785,6692.99785,2022-11-01 13:25:00.523861
4406950,11039.87,1561.075,N,,04406950,Y,90.58207,16575.55776,15014.48276,2396.67776,5535.68776,2022-11-01 14:25:00.787467
4406950,11039.87,1561.075,N,,04406950,Y,90.35644,16187.752,14626.677,2008.872,5147.882,2022-11-01 15:25:01.263702
4406950,11039.87,1561.075,N,,04406950,Y,90.36066,16194.83702,14633.76202,2015.95702,5154.96702,2022-11-01 16:25:00.363837
4406950,11039.87,1561.075,N,,04406950,Y,90.34273,16164.76836,14603.69336,1985.88836,5124.89836,2022-11-01 17:25:00.589680
4406950,11039.87,1561.075,N,,04406950,Y,90.35377,16183.26209,14622.18709,2004.38209,5143.39209,2022-11-01 18:25:00.749380
4406950,11039.87,1561.075,N,,04406950,Y,90.29934,16092.45826,14531.38326,1913.57826,5052.58826,2022-11-01 19:25:01.010431
4406950,11039.87,1561.075,N,,04406950,Y,90.31233,16114.03493,14552.95993,1935.15493,5074.16493,2022-11-01 20:25:00.192036
4406950,11039.87,1561.075,N,,04406950,Y,90.26265,16031.81832,14470.74332,1852.93832,4991.94832,2022-11-01 21:25:00.680141
4406950,10996.7,1561.075,N,,04406950,Y,90.23797,15991.28862,14430.21362,-48.15138,4994.58862,2022-11-01 22:25:00.785278
4406950,11030.1,1551.975,N,,04406950,Y,90.46749,16280.86629,14728.89129,241.42629,5250.76629,2022-11-01 23:25:01.266276
4406950,11030.1,1551.975,N,,04406950,Y,90.47398,16291.94784,14739.97284,252.50784,5261.84784,2022-11-02 00:25:00.453905
4406950,11030.1,1551.975,N,,04406950,Y,90.71489,16714.66986,15162.69486,675.22986,5684.56986,2022-11-02 01:25:00.868928
4406950,11030.1,1551.975,N,,04406950,Y,90.73921,16758.5584,15206.5834,719.1184,5728.4584,2022-11-02 02:25:01.277223
4406950,11030.1,1551.975,N,,04406950,Y,91.2864,17810.95374,16258.97874,1771.51374,6780.85374,2022-11-02 03:25:00.625896
4406950,11030.1,1551.975,N,,04406950,Y,91.0895,17417.38149,15865.40649,1377.94149,6387.28149,2022-11-02 04:25:00.826226
4406950,11030.1,1551.975,N,,04406950,Y,91.30339,17845.74725,16293.77225,1806.30725,6815.64725,2022-11-02 05:25:00.919230
4406950,11030.1,1551.975,N,,04406950,Y,91.20755,17651.22021,16099.24521,1611.78021,6621.12021,2022-11-02 06:25:01.051710
4406950,11030.1,1551.975,N,,04406950,Y,91.03606,17313.53567,15761.56067,1274.09567,6283.43567,2022-11-02 07:25:00.364036
4406950,11030.1,1551.975,N,,04406950,Y,91.26423,17765.74309,16213.76809,1726.30309,6735.64309,2022-11-02 08:25:00.615030
4406950,11030.1,1551.975,N,,04406950,Y,91.378,18000.17727,16448.20227,1960.73727,6970.07727,2022-11-02 09:25:00.917724
4406950,11030.1,1551.975,N,,04406950,Y,91.31764,17875.03866,16323.06366,1835.59866,6844.93866,2022-11-02 10:25:01.244001
4406950,11030.1,1551.975,N,,04406950,Y,91.35763,17957.75025,16405.77525,1918.31025,6927.65025,2022-11-02 11:25:01.071661
4406950,11343.14,1579.475,N,,04406950,Y,91.18309,17914.16499,16334.68999,1874.72499,6571.02499,2022-11-02 12:25:00.222548
4406950,11343.14,1579.475,N,,04406950,Y,91.3234,18203.83841,16624.36341,2164.39841,6860.69841,2022-11-02 13:25:00.553811
4406950,11343.14,1579.475,N,,04406950,Y,91.10731,17761.48911,16182.01411,1722.04911,6418.34911,2022-11-02 14:25:00.663446
4406950,11343.14,1579.475,N,,04406950,Y,91.15963,17866.62427,16287.14927,1827.18427,6523.48427,2022-11-02 15:25:00.926552
4406950,11343.14,1579.475,N,,04406950,Y,91.11193,17770.73142,16191.25642,1731.29142,6427.59142,2022-11-02 16:25:01.098018
4406950,11343.14,1579.475,N,,04406950,Y,91.09077,17728.51763,16149.04263,1689.07763,6385.37763,2022-11-02 17:25:00.232026
4406950,11343.14,1579.475,N,,04406950,Y,91.65461,18926.30808,17346.83308,2886.86808,7583.16808,2022-11-02 18:25:00.801208
4406950,11343.14,1579.475,N,,04406950,Y,90.56971,16748.94937,15169.47437,709.50937,5405.80937,2022-11-02 19:25:01.027428
4406950,11343.14,1579.475,N,,04406950,Y,90.46249,16560.66976,14981.19476,521.22976,5217.52976,2022-11-02 20:25:00.317551
4406950,11343.14,1579.475,N,,04406950,Y,90.44397,16528.5608,14949.0858,489.1208,5185.4208,2022-11-02 21:25:05.644642
4406950,11305.23,1579.475,N,,04406950,Y,90.43104,16506.22647,14926.75147,33.13647,5200.99647,2022-11-02 22:25:01.069277
4406950,11305.23,1579.475,N,,04406950,Y,90.01666,15821.1111,14241.6361,-651.9789,4515.8811,2022-11-02 23:25:00.178040
4406950,11305.23,1579.475,N,,04406950,Y,90.07712,15917.50907,14338.03407,-555.58093,4612.27907,2022-11-03 00:25:00.901544
4406950,11045.67,1586.3,N,,04406950,Y,90.0313,15912.80785,14326.50785,-560.28215,4867.13785,2022-11-03 01:25:01.180139
4406950,11045.67,1586.3,N,,04406950,Y,90.02557,15903.66595,14317.36595,-569.42405,4857.99595,2022-11-03 02:25:00.269540
4406950,11045.67,1586.3,N,,04406950,Y,89.86914,15658.09492,14071.79492,-814.99508,4612.42492,2022-11-03 03:25:00.326730
4406950,11090.75,1579.8,N,,04406950,Y,90.02746,15841.50266,14261.70266,-631.58734,4750.75266,2022-11-03 04:25:00.410481
4406950,11090.75,1579.8,N,,04406950,Y,90.04352,15867.05691,14287.25691,-606.03309,4776.30691,2022-11-03 05:25:00.573326
4406950,11090.75,1579.8,N,,04406950,Y,89.7326,15386.55893,13806.75893,-1086.53107,4295.80893,2022-11-03 06:25:00.749978
4406950,11090.75,1579.8,N,,04406950,Y,89.56003,15132.23352,13552.43352,-1340.85648,4041.48352,2022-11-03 07:25:00.909628
4406950,11090.75,1579.8,N,,04406950,Y,89.62416,15225.74916,13645.94916,-1247.34084,4134.99916,2022-11-03 08:25:14.019125
4406950,11090.75,1579.8,N,,04406950,Y,89.41226,14921.02708,13341.22708,-1552.06292,3830.27708,2022-11-03 09:25:00.396373
4406950,11090.75,1579.8,N,,04406950,Y,89.27424,14729.02266,13149.22266,-1744.06734,3638.27266,2022-11-03 10:25:00.513705
4406950,11090.75,1579.8,N,,04406950,Y,89.18274,14604.43665,13024.63665,-1868.65335,3513.68665,2022-11-03 11:25:00.616607
4406950,10844.69,1570.7,N,,04406950,Y,89.43855,14872.01141,13301.31141,-1601.07859,4027.32141,2022-11-03 12:25:01.149178
4406950,10844.69,1570.7,N,,04406950,Y,89.51313,14977.7839,13407.0839,-1495.3061,4133.0939,2022-11-03 13:25:00.275688
4406950,10844.69,1570.7,N,,04406950,Y,89.84643,15469.43255,13898.73255,-1003.65745,4624.74255,2022-11-03 14:25:01.885388
4406950,10844.69,1570.7,N,,04406950,Y,89.9073,15562.73043,13992.03043,-910.35957,4718.04043,2022-11-03 15:25:01.021612
4406950,10844.69,1570.7,N,,04406950,Y,89.81616,15423.45626,13852.75626,-1049.63374,4578.76626,2022-11-03 16:25:00.238409
4406950,10844.69,1570.7,N,,04406950,Y,89.88914,15534.78113,13964.08113,-938.30887,4690.09113,2022-11-03 17:25:00.936031
4406950,10844.69,1570.7,N,,04406950,Y,89.93737,15609.24416,14038.54416,-863.84584,4764.55416,2022-11-03 18:25:02.192234
4406950,10844.69,1570.7,N,,04406950,Y,89.84349,15464.95382,13894.25382,-1008.13618,4620.26382,2022-11-03 20:25:00.491630
4406950,10844.69,1570.7,N,,04406950,Y,89.8056,15407.47996,13836.77996,-1065.61004,4562.78996,2022-11-03 21:25:00.815610
4406950,10823.49,1570.7,N,,04406950,Y,89.85772,15486.65203,13915.95203,80.68203,4663.16203,2022-11-03 22:25:01.197442
4406950,10823.49,1570.7,N,,04406950,Y,89.75666,15333.87271,13763.17271,-72.09729,4510.38271,2022-11-03 23:25:01.072697
4406950,10823.49,1570.7,N,,04406950,Y,89.89119,15537.93289,13967.23289,131.96289,4714.44289,2022-11-04 01:25:02.840648
4406950,10550.59,1570.7,N,,04406950,Y,90.92962,17316.80869,15746.10869,1910.83869,6766.21869,2022-11-04 03:25:00.858552
4406950,10550.59,1570.7,N,,04406950,Y,91.27937,18011.31053,16440.61053,2605.34053,7460.72053,2022-11-04 05:25:00.786049
4406950,10550.59,1570.7,N,,04406950,Y,91.20456,17858.11584,16287.41584,2452.14584,7307.52584,2022-11-04 06:25:01.084545
4406950,10550.59,1570.7,N,,04406950,Y,90.80033,17073.43483,15502.73483,1667.46483,6522.84483,2022-11-04 07:25:00.155308
4406950,10550.59,1570.7,N,,04406950,Y,90.92118,17300.70323,15730.00323,1894.73323,6750.11323,2022-11-04 08:25:00.582707
4406950,10550.59,1570.7,N,,04406950,Y,90.87496,17213.07871,15642.37871,1807.10871,6662.48871,2022-11-04 09:25:00.839481
4406950,10550.59,1570.7,N,,04406950,Y,90.69742,16884.56945,15313.86945,1478.59945,6333.97945,2022-11-04 10:25:01.219459
4406950,10550.59,1570.7,N,,04406950,Y,90.67087,16836.5104,15265.8104,1430.5404,6285.9204,2022-11-04 11:25:00.497738
4406950,10550.59,1570.7,N,,04406950,Y,90.57455,16664.46012,15093.76012,1258.49012,6113.87012,2022-11-04 12:25:00.743416
4406950,10550.59,1570.7,N,,04406950,Y,90.43281,16417.5689,14846.8689,1011.5989,5866.9789,2022-11-04 14:25:00.539349
4406950,10117.63,1579.8,N,,04406950,Y,90.2925,16274.0108,14694.2108,868.0408,6156.3808,2022-11-04 16:25:00.662746
4406950,10117.63,1579.8,N,,04406950,Y,90.33218,16340.80239,14761.00239,934.83239,6223.17239,2022-11-04 17:25:01.132484
4406950,10117.63,1579.8,N,,04406950,Y,90.44325,16530.73178,14950.93178,1124.76178,6413.10178,2022-11-04 18:25:00.603142
4406950,10117.63,1579.8,N,,04406950,Y,90.46003,16559.80054,14980.00054,1153.83054,6442.17054,2022-11-04 19:25:04.246725
4406950,10117.63,1579.8,N,,04406950,Y,90.49122,16614.1209,15034.3209,1208.1509,6496.4909,2022-11-04 20:25:00.708127
4406950,9882.06,1592.3,N,,04406950,Y,90.16971,16197.90003,14605.60003,-360.53997,6315.84003,2022-11-06 19:25:04.955654
4406950,9882.06,1592.3,N,,04406950,Y,90.18715,16226.6886,14634.3886,-331.7514,6344.6286,2022-11-06 20:25:50.652620
4406950,9882.06,1592.3,N,,04406950,Y,90.20314,16253.17429,14660.87429,-305.26571,6371.11429,2022-11-06 21:25:08.395902
4406950,9882.06,1592.3,N,,04406950,Y,90.1876,16227.42097,14635.12097,-331.01903,6345.36097,2022-11-06 22:25:00.908112
4406950,9757.03,1632.2,N,,04406950,Y,89.78817,15983.41533,14351.21533,-208.52467,6226.38533,2022-11-06 23:25:00.975734
4406950,9757.03,1632.2,N,,04406950,Y,89.6844,15822.64012,14190.44012,-369.29988,6065.61012,2022-11-07 00:25:01.372976
4406950,9757.03,1632.2,N,,04406950,Y,88.8122,14589.10025,12956.90025,-1602.83975,4832.07025,2022-11-07 01:25:00.492770
4406950,9757.03,1632.2,N,,04406950,Y,89.37687,15364.58583,13732.38583,-827.35417,5607.55583,2022-11-07 02:25:00.578882
4406950,9757.03,1632.2,N,,04406950,Y,89.99381,16311.9091,14679.7091,119.9691,6554.8791,2022-11-07 03:25:01.068141
4406950,9757.03,1632.2,N,,04406950,Y,90.06464,16428.19011,14795.99011,236.25011,6671.16011,2022-11-07 04:25:00.154916
4406950,9757.03,1632.2,N,,04406950,Y,90.0908,16471.56183,14839.36183,279.62183,6714.53183,2022-11-07 05:25:00.383501
4406950,9757.03,1632.2,N,,04406950,Y,89.98551,16298.37828,14666.17828,106.43828,6541.34828,2022-11-07 06:25:00.472221
4406950,9757.03,1632.2,N,,04406950,Y,90.02845,16368.5696,14736.3696,176.6296,6611.5396,2022-11-07 07:25:00.829720
4406950,9047.83,1637.225,N,,04406950,Y,90.13774,16600.90498,14963.67998,408.96498,7553.07498,2022-11-07 09:25:01.070207
4406950,9047.83,1637.225,N,,04406950,Y,90.18953,16688.55041,15051.32541,496.61041,7640.72041,2022-11-07 10:25:00.451677
4406950,9047.83,1637.225,N,,04406950,Y,90.13949,16603.85119,14966.62619,411.91119,7556.02119,2022-11-07 11:25:00.846110
4406950,8212.96,1642.1,N,,04406950,Y,90.1123,16607.50302,14965.40302,415.56302,8394.54302,2022-11-07 13:25:01.070954
4406950,8212.96,1642.1,N,,04406950,Y,90.22116,16792.38067,15150.28067,600.44067,8579.42067,2022-11-07 14:25:00.144345
4406950,8212.96,1642.1,N,,04406950,Y,89.79466,16090.59654,14448.49654,-101.34346,7877.63654,2022-11-07 15:25:00.328387
4406950,8212.96,1642.1,N,,04406950,Y,89.96745,16367.71848,14725.61848,175.77848,8154.75848,2022-11-07 16:25:00.691349
4406950,8212.96,1642.1,N,,04406950,Y,89.70949,15957.41604,14315.31604,-234.52396,7744.45604,2022-11-07 17:25:00.834011
4406950,8212.96,1642.1,N,,04406950,Y,89.68421,15918.31462,14276.21462,-273.62538,7705.35462,2022-11-07 18:25:00.917863
4406950,8212.96,1642.1,N,,04406950,Y,89.79658,16093.63021,14451.53021,-98.30979,7880.67021,2022-11-07 19:25:01.164223
4406950,8212.96,1642.1,N,,04406950,Y,89.88466,16233.75272,14591.65272,41.81272,8020.79272,2022-11-07 20:25:00.469452
4406950,8212.96,1642.1,N,,04406950,Y,89.60862,15802.51392,14160.41392,-389.42608,7589.55392,2022-11-07 21:25:01.136686
4406950,8212.96,1642.1,N,,04406950,Y,89.6092,15803.40685,14161.30685,-388.53315,7590.44685,2022-11-07 22:25:06.943290
4406950,8179.81,1642.1,N,,04406950,Y,89.52582,15677.602,14035.502,-104.388,7497.792,2022-11-07 23:25:02.538824
4406950,8179.81,1642.1,N,,04406950,Y,89.74288,16009.37261,14367.27261,227.38261,7829.56261,2022-11-08 00:25:00.715871
4406950,8179.81,1642.1,N,,04406950,Y,89.83819,16159.51621,14517.41621,377.52621,7979.70621,2022-11-08 01:25:00.837400
4406950,8179.81,1642.1,N,,04406950,Y,89.69118,15929.07228,14286.97228,147.08228,7749.26228,2022-11-08 02:25:01.062790
4406950,8179.81,1642.1,N,,04406950,Y,89.7051,15950.61072,14308.51072,168.62072,7770.80072,2022-11-08 03:25:00.174940
4406950,8179.81,1642.1,N,,04406950,Y,89.81795,16127.40262,14485.30262,345.41262,7947.59262,2022-11-08 04:25:00.417094
4406950,8179.81,1642.1,N,,04406950,Y,89.54361,15704.26686,14062.16686,-77.72314,7524.45686,2022-11-08 05:25:00.657168
4406950,8179.81,1642.1,N,,04406950,Y,89.54049,15699.59177,14057.49177,-82.39823,7519.78177,2022-11-08 06:25:01.006725
4406950,8179.81,1642.1,N,,04406950,Y,89.55638,15723.4826,14081.3826,-58.5074,7543.6726,2022-11-08 07:25:00.686065
4406950,8179.81,1642.1,N,,04406950,Y,89.53355,15689.17511,14047.07511,-92.81489,7509.36511,2022-11-08 08:25:01.500558
4406950,8179.81,1642.1,N,,04406950,Y,89.79785,16095.62023,14453.52023,313.63023,7915.81023,2022-11-08 09:25:00.686115
4406950,8179.81,1642.1,N,,04406950,Y,89.82565,16139.61341,14497.51341,357.62341,7959.80341,2022-11-08 10:25:01.392976
4406950,7830.25,1631.1,N,,04406950,Y,90.11098,16494.04664,14862.94664,712.05664,8663.79664,2022-11-08 11:25:00.875241
4406950,7830.25,1631.1,N,,04406950,Y,89.92206,16184.85319,14553.75319,402.86319,8354.60319,2022-11-08 12:25:01.014644
4406950,7830.25,1631.1,N,,04406950,Y,90.22532,16686.99238,15055.89238,905.00238,8856.74238,2022-11-08 13:25:00.192006
4406950,7830.25,1631.1,N,,04406950,Y,90.25358,16735.3795,15104.2795,953.3895,8905.1295,2022-11-08 14:25:00.609663
4406950,7830.25,1631.1,N,,04406950,Y,90.8229,17773.59019,16142.49019,1991.60019,9943.34019,2022-11-08 15:25:01.261489
4406950,7830.25,1631.1,N,,04406950,Y,91.11816,18364.42902,16733.32902,2582.43902,10534.17902,2022-11-08 17:25:00.503238
4406950,7830.25,1631.1,N,,04406950,Y,90.91053,17944.95055,16313.85055,2162.96055,10114.70055,2022-11-08 18:25:00.845217
4406950,7830.25,1631.1,N,,04406950,Y,90.50896,17185.67857,15554.57857,1403.68857,9355.42857,2022-11-08 19:25:01.379557
4406950,7830.25,1631.1,N,,04406950,Y,90.94997,18023.15019,16392.05019,2241.16019,10192.90019,2022-11-08 20:25:00.630799
4406950,7830.25,1631.1,N,,04406950,Y,90.89084,17906.14821,16275.04821,2124.15821,10075.89821,2022-11-08 21:25:01.237130
4406950,7830.25,1631.1,N,,04406950,Y,90.8145,17757.34183,16126.24183,-0.42817,9927.09183,2022-11-08 22:25:00.492396
4406950,7793.15,1631.1,N,,04406950,Y,90.87788,17880.71154,16249.61154,122.94154,10087.56154,2022-11-08 23:25:01.216592
4406950,7793.15,1631.1,N,,04406950,Y,90.87628,17877.57286,16246.47286,119.80286,10084.42286,2022-11-09 00:25:00.519301
4406950,7793.15,1631.1,N,,04406950,Y,90.72792,17591.52169,15960.42169,-166.24831,9798.37169,2022-11-09 01:25:00.857703
4406950,7793.15,1631.1,N,,04406950,Y,90.74477,17623.54374,15992.44374,-134.22626,9830.39374,2022-11-09 02:25:01.290657
4406950,7793.15,1631.1,N,,04406950,Y,90.59079,17335.14993,15704.04993,-422.62007,9541.99993,2022-11-09 03:25:00.934240
4406950,7793.15,1631.1,N,,04406950,Y,90.34283,16890.03604,15258.93604,-867.73396,9096.88604,2022-11-09 04:25:01.070430
4406950,7793.15,1631.1,N,,04406950,Y,90.21713,16673.01526,15041.91526,-1084.75474,8879.86526,2022-11-09 05:25:01.159974
4406950,7793.15,1631.1,N,,04406950,Y,90.1888,16624.86934,14993.76934,-1132.90066,8831.71934,2022-11-09 06:25:00.488477
4406950,7793.15,1631.1,N,,04406950,Y,90.13101,16527.52511,14896.42511,-1230.24489,8734.37511,2022-11-09 07:25:01.071100
4406950,7793.15,1631.1,N,,04406950,Y,90.56486,17287.50189,15656.40189,-470.26811,9494.35189,2022-11-09 08:25:00.373262
4406950,7793.15,1631.1,N,,04406950,Y,90.31758,16846.00061,15214.90061,-911.76939,9052.85061,2022-11-09 09:25:03.265979
4406950,7793.15,1631.1,N,,04406950,Y,89.88013,16117.79665,14486.69665,-1639.97335,8324.64665,2022-11-09 10:25:00.578960
4406950,7793.15,1631.1,N,,04406950,Y,90.11313,16497.64094,14866.54094,-1260.12906,8704.49094,2022-11-09 11:25:00.927576
4406950,7793.15,1631.1,N,,04406950,Y,89.94204,16216.99836,14585.89836,-1540.77164,8423.84836,2022-11-09 12:25:01.494251
4406950,7793.15,1631.1,N,,04406950,Y,89.69696,15831.25656,14200.15656,-1926.51344,8038.10656,2022-11-09 13:25:00.984059
4406950,7793.15,1631.1,N,,04406950,Y,89.99696,16306.04369,14674.94369,-1451.72631,8512.89369,2022-11-09 14:25:01.380842
4406950,7793.15,1631.1,N,,04406950,Y,90.405,16999.47969,15368.37969,-758.29031,9206.32969,2022-11-09 15:25:00.977216
4406950,7793.15,1631.1,N,,04406950,Y,90.09383,16465.49797,14834.39797,-1292.27203,8672.34797,2022-11-09 16:25:01.555936
4406950,7793.15,1631.1,N,,04406950,Y,89.67649,15799.85769,14168.75769,-1957.91231,8006.70769,2022-11-09 18:25:01.607849
4406950,7793.15,1631.1,N,,04406950,Y,89.37339,15349.20275,13718.10275,-2408.56725,7556.05275,2022-11-09 19:25:01.329074
4406950,7793.15,1631.1,N,,04406950,Y,89.22877,15143.11055,13512.01055,-2614.65945,7349.96055,2022-11-09 20:25:00.642038
4406950,7793.15,1631.1,N,,04406950,Y,89.11366,14983.00208,13351.90208,-2774.76792,7189.85208,2022-11-09 21:25:00.911030
4406950,7793.15,1631.1,N,,04406950,Y,89.08404,14942.34054,13311.24054,-2815.42946,7149.19054,2022-11-09 22:25:01.140964
4406950,7728.88,1631.1,N,,04406950,Y,89.12283,14995.62724,13364.52724,14.24724,7266.74724,2022-11-09 23:25:00.918550
4406950,7728.88,1631.1,N,,04406950,Y,89.23492,15151.76506,13520.66506,170.38506,7422.88506,2022-11-10 00:25:01.186924
4406950,7728.88,1631.1,N,,04406950,Y,89.32766,15283.43792,13652.33792,302.05792,7554.55792,2022-11-10 01:25:00.755882
4406950,7728.88,1631.1,N,,04406950,Y,88.68877,14420.18191,12789.08191,-561.19809,6691.30191,2022-11-10 02:25:00.946482
4406950,7728.88,1631.1,N,,04406950,Y,88.96685,14783.63488,13152.53488,-197.74512,7054.75488,2022-11-10 03:25:01.103146
4406950,7728.88,1631.1,N,,04406950,Y,88.91369,14712.74254,13081.64254,-268.63746,6983.86254,2022-11-10 04:25:00.482790
4406950,7728.88,1631.1,N,,04406950,Y,88.94185,14750.20932,13119.10932,-231.17068,7021.32932,2022-11-10 05:25:00.744338
4406950,7728.88,1631.1,N,,04406950,Y,88.90961,14707.33083,13076.23083,-274.04917,6978.45083,2022-11-10 06:25:00.918573
4406950,7555.38,1619.375,N,,04406950,Y,88.89155,14577.86142,12958.48642,-403.51858,7022.48142,2022-11-10 07:25:01.332860
4406950,7555.38,1619.375,N,,04406950,Y,89.01962,14747.89281,13128.51781,-233.48719,7192.51281,2022-11-10 08:25:00.511346
4406950,7555.38,1619.375,N,,04406950,Y,89.03024,14762.17032,13142.79532,-219.20968,7206.79032,2022-11-10 09:25:00.731202
4406950,7555.38,1619.375,N,,04406950,Y,88.57461,14173.47676,12554.10176,-807.90324,6618.09676,2022-11-10 10:25:00.978539
4406950,7628.47,1605.725,N,,04406950,Y,89.06615,14685.82041,13080.09541,-295.55959,7057.35041,2022-11-10 11:25:01.116466
4406950,7628.47,1605.725,N,,04406950,Y,89.11717,14754.6635,13148.9385,-226.7165,7126.1935,2022-11-10 12:25:00.582638
4406950,7628.47,1605.725,N,,04406950,Y,89.31302,15025.05544,13419.33044,43.67544,7396.58544,2022-11-10 13:25:00.902903
4406950,7628.47,1605.725,N,,04406950,Y,91.02007,17881.25476,16275.52976,2899.87476,10252.78476,2022-11-10 14:25:01.373074
4406950,7628.47,1605.725,N,,04406950,Y,91.42758,18731.28451,17125.55951,3749.90451,11102.81451,2022-11-10 15:25:00.608793
4406950,6645.9,1628.15,N,,04406950,Y,91.30512,18725.39503,17097.24503,3744.01503,12079.49503,2022-11-10 16:25:00.951312
4406950,5961.86,1649.925,N,,04406950,Y,91.12495,18590.59171,16940.66671,3609.21171,12628.73171,2022-11-10 18:25:00.910998
4406950,5961.86,1649.925,N,,04406950,Y,91.29023,18943.37478,17293.44978,3961.99478,12981.51478,2022-11-10 19:25:01.190841
4406950,5961.86,1649.925,N,,04406950,Y,91.48604,19379.05464,17729.12964,4397.67464,13417.19464,2022-11-10 20:25:00.575690
4406950,5961.86,1649.925,N,,04406950,Y,91.91863,20416.40285,18766.47785,5435.02285,14454.54285,2022-11-10 21:25:00.927676
4406950,5961.86,1649.925,N,,04406950,Y,91.81023,20146.1713,18496.2463,5164.7913,14184.3113,2022-11-10 22:25:03.365397
4406950,5933.52,1649.925,N,,04406950,Y,91.7617,20027.49512,18377.57012,-177.55488,14093.97512,2022-11-10 23:25:00.833853
4406950,5933.52,1649.925,N,,04406950,Y,91.79122,20099.52018,18449.59518,-105.52982,14166.00018,2022-11-11 00:25:01.477890
4406950,5933.52,1649.925,N,,04406950,Y,92.10001,20885.16087,19235.23587,680.11087,14951.64087,2022-11-11 01:25:01.263700
4406950,5933.52,1649.925,N,,04406950,Y,91.68867,19851.50591,18201.58091,-353.54409,13917.98591,2022-11-11 02:25:00.458884
4406950,5933.52,1649.925,N,,04406950,Y,91.93583,20459.95777,18810.03277,254.90777,14526.43777,2022-11-11 03:25:00.763425
4406950,5261.94,1675.925,N,,04406950,Y,91.77442,20374.55548,18698.63048,169.50548,15112.61548,2022-11-11 04:25:01.030764
4406950,4053.89,1694.825,N,,04406950,Y,92.00757,21205.3845,19510.5595,1000.3345,17151.4945,2022-11-11 05:25:00.187685
4406950,4053.89,1694.825,N,,04406950,Y,92.30563,22026.81706,20331.99206,1821.76706,17972.92706,2022-11-11 06:25:00.362835
4406950,4053.89,1694.825,N,,04406950,Y,92.60109,22906.41686,21211.59186,2701.36686,18852.52686,2022-11-11 07:25:00.487285
4406950,4053.89,1694.825,N,,04406950,Y,92.53838,22713.90474,21019.07974,2508.85474,18660.01474,2022-11-11 08:25:01.356292
4406950,4053.89,1694.825,N,,04406950,Y,92.75168,23382.30649,21687.48149,3177.25649,19328.41649,2022-11-11 09:25:00.754140
4406950,3074.92,1734.725,N,,04406950,Y,92.61949,23504.13512,21769.41012,3299.08512,20429.21512,2022-11-11 10:25:01.094716
4406950,3074.92,1734.725,N,,04406950,Y,92.632,23544.03181,21809.30681,3338.98181,20469.11181,2022-11-11 11:25:00.497606
4406950,3074.92,1734.725,N,,04406950,Y,92.48912,23096.15906,21361.43406,2891.10906,20021.23906,2022-11-11 12:25:01.708687
4406950,3074.92,1734.725,N,,04406950,Y,92.78399,24039.93847,22305.21347,3834.88847,20965.01847,2022-11-11 13:25:01.122318
4406950,3074.92,1734.725,N,,04406950,Y,92.45958,23005.68721,21270.96221,2800.63721,19930.76721,2022-11-11 14:25:00.432561
4406950,3074.92,1734.725,N,,04406950,Y,92.90032,24433.86283,22699.13783,4228.81283,21358.94283,2022-11-11 15:25:00.653106
4406950,3074.92,1734.725,N,,04406950,Y,92.89547,24417.16446,22682.43946,4212.11446,21342.24446,2022-11-11 16:25:00.947139
4406950,3074.92,1734.725,N,,04406950,Y,93.06085,24999.109,23264.384,4794.059,21924.189,2022-11-11 17:25:01.346363
4406950,3074.92,1734.725,N,,04406950,Y,93.32713,25996.69907,24261.97407,5791.64907,22921.77907,2022-11-11 18:25:00.603790
4406950,3074.92,1734.725,N,,04406950,Y,93.435,26423.85686,24689.13186,6218.80686,23348.93686,2022-11-11 19:25:00.733397
4406950,3074.92,1734.725,N,,04406950,Y,93.3634,26138.75017,24404.02517,5933.70017,23063.83017,2022-11-11 20:25:01.120274
4406950,2971.32,1734.725,N,,04406950,Y,93.41318,26336.31206,24601.58706,167.07206,23364.99206,2022-11-13 20:26:00.612399
4406950,2971.32,1734.725,N,,04406950,Y,93.31937,25966.48078,24231.75578,-202.75922,22995.16078,2022-11-13 21:25:52.392045
4406950,2971.32,1734.725,N,,04406950,Y,93.10197,25148.11217,23413.38717,-541.48783,22176.79217,2022-11-13 22:25:19.839157
4406950,2971.32,1734.725,N,,04406950,Y,93.18046,25437.54995,23702.82495,-252.05005,22466.22995,2022-11-13 23:25:01.028021
4406950,2971.32,1734.725,N,,04406950,Y,93.19017,25473.84428,23739.11928,-215.75572,22502.52428,2022-11-14 00:25:00.171682
4406950,2971.32,1734.725,N,,04406950,Y,93.46841,26558.99117,24824.26617,869.39117,23587.67117,2022-11-14 01:25:00.373731
4406950,2971.32,1734.725,N,,04406950,Y,93.12705,25239.89648,23505.17148,-449.70352,22268.57648,2022-11-14 02:25:00.563309
4406950,2971.32,1734.725,N,,04406950,Y,93.33644,26032.99245,24298.26745,343.39245,23061.67245,2022-11-14 03:25:00.651226
4406950,2971.32,1734.725,N,,04406950,Y,93.13869,25282.69883,23547.97383,-406.90117,22311.37883,2022-11-14 04:25:00.858825
4406950,2971.32,1734.725,N,,04406950,Y,93.01651,24840.35717,23105.63217,-849.24283,21869.03717,2022-11-14 05:25:01.181043
4406950,2971.32,1734.725,N,,04406950,Y,92.90152,24437.98003,22703.25503,-1251.61997,21466.66003,2022-11-14 06:25:00.657552
4406950,3473.2,1768.225,N,,04406950,Y,92.86016,24765.62592,22997.40092,-923.97408,21292.42592,2022-11-14 07:25:00.814286
4406950,3473.2,1768.225,N,,04406950,Y,92.98588,25209.50987,23441.28487,-480.09013,21736.30987,2022-11-14 08:25:01.176365
4406950,3473.2,1768.225,N,,04406950,Y,92.70128,24226.50294,22458.27794,-1463.09706,20753.30294,2022-11-14 09:25:00.453696
4406950,3473.2,1768.225,N,,04406950,Y,92.64789,24050.58784,22282.36284,-1639.01216,20577.38784,2022-11-14 10:25:00.881745
4406950,3473.2,1768.225,N,,04406950,Y,92.52154,23644.23494,21876.00994,-2045.36506,20171.03494,2022-11-14 11:25:01.315778
4406950,3474.54,1766.55,N,,04406950,Y,93.02199,25315.96725,23549.41725,-373.63275,21841.42725,2022-11-14 13:25:01.132411
4406950,3474.54,1766.55,N,,04406950,Y,92.93299,24997.14628,23230.59628,-692.45372,21522.60628,2022-11-14 14:25:00.571255
4406950,3474.54,1766.55,N,,04406950,Y,93.20887,26012.59245,24246.04245,322.99245,22538.05245,2022-11-14 15:25:01.043071
4406950,3474.54,1766.55,N,,04406950,Y,92.84591,24692.86679,22926.31679,-996.73321,21218.32679,2022-11-14 16:25:00.215638
4406950,3474.54,1766.55,N,,04406950,Y,92.89985,24880.47469,23113.92469,-809.12531,21405.93469,2022-11-14 17:25:00.703104
4406950,3474.54,1766.55,N,,04406950,Y,93.17362,25878.28961,24111.73961,188.68961,22403.74961,2022-11-14 18:25:01.226612
4406950,3474.54,1766.55,N,,04406950,Y,93.18905,25936.9026,24170.3526,247.3026,22462.3626,2022-11-14 19:25:00.404007
4406950,3474.54,1766.55,N,,04406950,Y,93.08327,25540.24255,23773.69255,-149.35745,22065.70255,2022-11-14 20:25:00.814767
4406950,3474.54,1766.55,N,,04406950,Y,92.71138,24237.11033,22470.56033,-1452.48967,20762.57033,2022-11-14 21:25:01.249628
4406950,3474.54,1766.55,N,,04406950,Y,92.69499,24182.72876,22416.17876,8.57876,20708.18876,2022-11-14 22:25:01.200742
4406950,3495.11,1766.55,N,,04406950,Y,92.71273,24241.57535,22475.02535,67.42535,20746.46535,2022-11-14 23:25:00.454021
4406950,3495.11,1766.55,N,,04406950,Y,92.68431,24147.42348,22380.87348,-26.72652,20652.31348,2022-11-15 00:25:00.969075
4406950,3495.11,1766.55,N,,04406950,Y,92.62593,23956.23938,22189.68938,-217.91062,20461.12938,2022-11-15 01:25:01.518100
4406950,3495.11,1766.55,N,,04406950,Y,92.94579,25042.50376,23275.95376,868.35376,21547.39376,2022-11-15 02:25:00.741756
4406950,3495.11,1766.55,N,,04406950,Y,92.99613,25222.47179,23455.92179,1048.32179,21727.36179,2022-11-15 03:25:01.509581
4406950,3495.11,1766.55,N,,04406950,Y,93.0398,25380.73756,23614.18756,1206.58756,21885.62756,2022-11-15 04:25:01.015420
4406950,3495.11,1766.55,N,,04406950,Y,93.19069,25943.1408,24176.5908,1768.9908,22448.0308,2022-11-15 05:25:00.583199
4406950,3495.11,1766.55,N,,04406950,Y,93.1229,25687.43887,23920.88887,1513.28887,22192.32887,2022-11-15 06:25:01.074632
4406950,3495.11,1766.55,N,,04406950,Y,93.70547,28064.85187,26298.30187,3890.70187,24569.74187,2022-11-15 07:25:00.635812
4406950,3495.11,1766.55,N,,04406950,Y,93.63256,27743.48943,25976.93943,3569.33943,24248.37943,2022-11-15 08:25:07.707963
4406950,3495.11,1766.55,N,,04406950,Y,93.4951,27157.21795,25390.66795,2983.06795,23662.10795,2022-11-15 09:25:01.221421
4406950,3495.11,1766.55,N,,04406950,Y,93.61872,27683.30058,25916.75058,3509.15058,24188.19058,2022-11-15 10:25:00.702855
4406950,3495.11,1766.55,N,,04406950,Y,93.62348,27703.99381,25937.44381,3529.84381,24208.88381,2022-11-15 11:25:00.843743
4406950,3495.11,1766.55,N,,04406950,Y,93.7206,28132.45888,26365.90888,3958.30888,24637.34888,2022-11-15 12:25:01.172912
4406950,3495.11,1766.55,N,,04406950,Y,93.74948,28262.44455,26495.89455,4088.29455,24767.33455,2022-11-15 13:25:01.082067
4406950,3495.11,1766.55,N,,04406950,Y,94.04915,29685.69771,27919.14771,5511.54771,26190.58771,2022-11-15 14:25:00.695503
4406950,3495.11,1766.55,N,,04406950,Y,93.89355,28929.26573,27162.71573,4755.11573,25434.15573,2022-11-15 15:25:01.634368
4406950,3495.11,1766.55,N,,04406950,Y,93.95526,29224.5647,27458.0147,5050.4147,25729.4547,2022-11-15 16:25:00.901262
4406950,3495.11,1766.55,N,,04406950,Y,94.01393,29511.01823,27744.46823,5336.86823,26015.90823,2022-11-15 17:25:01.497538
4406950,3495.11,1766.55,N,,04406950,Y,93.67861,27945.58035,26179.03035,3771.43035,24450.47035,2022-11-15 18:25:03.961256
4406950,3495.11,1766.55,N,,04406950,Y,93.54713,27376.17042,25609.62042,3202.02042,23881.06042,2022-11-15 19:25:01.845080
4406950,3495.11,1766.55,N,,04406950,Y,93.6578,27853.88145,26087.33145,3679.73145,24358.77145,2022-11-15 20:25:01.595670
4406950,3495.11,1766.55,N,,04406950,Y,93.4966,27163.49815,25396.94815,2989.34815,23668.38815,2022-11-15 21:25:00.962611
4406950,3495.11,1766.55,N,,04406950,Y,93.45104,26974.50226,25207.95226,2800.35226,23479.39226,2022-11-15 22:25:03.822951
4406950,3454.49,1766.55,N,,04406950,Y,93.4528,26981.76299,25215.21299,42.38299,23527.27299,2022-11-15 23:25:01.409395
4406950,3454.49,1766.55,N,,04406950,Y,93.30654,26392.18999,24625.63999,-547.19001,22937.69999,2022-11-16 00:25:00.550221
4406950,3454.49,1766.55,N,,04406950,Y,93.18199,25910.04527,24143.49527,-1029.33473,22455.55527,2022-11-16 01:25:00.708455
4406950,3454.49,1766.55,N,,04406950,Y,93.47301,27065.29471,25298.74471,125.91471,23610.80471,2022-11-16 02:25:01.135114
4406950,3454.49,1766.55,N,,04406950,Y,93.24131,26137.46701,24370.91701,-801.91299,22682.97701,2022-11-16 03:25:00.224919
4406950,3454.49,1766.55,N,,04406950,Y,93.16515,25846.20129,24079.65129,-1093.17871,22391.71129,2022-11-16 04:25:00.497392
4406950,3454.49,1766.55,N,,04406950,Y,93.3945,26743.62152,24977.07152,-195.75848,23289.13152,2022-11-16 05:25:00.728163
4406950,3454.49,1766.55,N,,04406950,Y,93.38325,26698.13919,24931.58919,-241.24081,23243.64919,2022-11-16 06:25:01.148747
4406950,3454.49,1766.55,N,,04406950,Y,93.67388,27924.70089,26158.15089,985.32089,24470.21089,2022-11-16 07:25:00.462533
4406950,3454.49,1766.55,N,,04406950,Y,93.78491,28423.56878,26657.01878,1484.18878,24969.07878,2022-11-16 08:25:00.635886
4406950,3454.49,1766.55,N,,04406950,Y,93.76834,28347.96539,26581.41539,1408.58539,24893.47539,2022-11-16 09:25:00.788765
4406950,3454.49,1766.55,N,,04406950,Y,93.89776,28949.20752,27182.65752,2009.82752,25494.71752,2022-11-16 10:25:01.139203
4406950,3454.49,1766.55,N,,04406950,Y,93.65232,27829.85725,26063.30725,890.47725,24375.36725,2022-11-16 11:25:00.220059
4406950,3454.49,1766.55,N,,04406950,Y,93.59538,27582.41347,25815.86347,643.03347,24127.92347,2022-11-16 12:25:00.351267
4406950,3454.49,1766.55,N,,04406950,Y,93.50086,27181.30806,25414.75806,241.92806,23726.81806,2022-11-16 14:25:00.992438
4406950,3454.49,1766.55,N,,04406950,Y,93.21973,26054.27731,24287.72731,-885.10269,22599.78731,2022-11-16 15:25:01.332513
4406950,3454.49,1766.55,N,,04406950,Y,93.30747,26395.849,24629.299,-543.531,22941.359,2022-11-16 16:25:00.554437
4406950,3444.34,1837.05,N,,04406950,Y,92.88022,25802.0466,23964.9966,-1137.3334,22357.7066,2022-11-16 17:25:00.831865
4406950,3444.34,1837.05,N,,04406950,Y,92.9804,26170.29938,24333.24938,-769.08062,22725.95938,2022-11-16 18:25:01.187508
4406950,3444.34,1837.05,N,,04406950,Y,92.90404,25888.66173,24051.61173,-1050.71827,22444.32173,2022-11-16 19:25:00.296578
4406950,3444.34,1837.05,N,,04406950,Y,92.94109,26024.57313,24187.52313,-914.80687,22580.23313,2022-11-16 20:25:00.459878
4406950,3444.34,1837.05,N,,04406950,Y,92.94224,26028.78652,24191.73652,-910.59348,22584.44652,2022-11-16 21:25:00.574492
4406950,3444.34,1837.05,N,,04406950,Y,92.91688,25935.62106,24098.57106,-1003.75894,22491.28106,2022-11-16 22:25:04.519137
4406950,3414.24,1837.05,N,,04406950,Y,93.00382,26257.88563,24420.83563,333.97563,22843.64563,2022-11-16 23:25:00.984927
4406950,3414.24,1837.05,N,,04406950,Y,92.99829,26237.16611,24400.11611,313.25611,22822.92611,2022-11-17 00:25:01.642326
4406950,3414.24,1837.05,N,,04406950,Y,92.99236,26214.9777,24377.9277,291.0677,22800.7377,2022-11-17 01:25:00.898995
4406950,3414.24,1837.05,N,,04406950,Y,92.59757,24816.85048,22979.80048,-1107.05952,21402.61048,2022-11-17 02:25:01.209281
4406950,3414.24,1837.05,N,,04406950,Y,92.57908,24755.00742,22917.95742,-1168.90258,21340.76742,2022-11-17 03:25:00.427729
4406950,3414.24,1837.05,N,,04406950,Y,92.69926,25162.52186,23325.47186,-761.38814,21748.28186,2022-11-17 04:25:00.568415
4406950,3414.24,1837.05,N,,04406950,Y,92.8351,25639.57638,23802.52638,-284.33362,22225.33638,2022-11-17 05:25:01.038334
4406950,3414.24,1837.05,N,,04406950,Y,92.87723,25791.22359,23954.17359,-132.68641,22376.98359,2022-11-17 06:25:00.324730
4406950,3414.24,1837.05,N,,04406950,Y,93.08173,26553.61701,24716.56701,629.70701,23139.37701,2022-11-17 07:25:00.518695
4406950,3414.24,1837.05,N,,04406950,Y,93.24942,27213.20662,25376.15662,1289.29662,23798.96662,2022-11-17 08:25:01.149549
4406950,3414.24,1837.05,N,,04406950,Y,92.90143,25879.14801,24042.09801,-44.76199,22464.90801,2022-11-17 09:25:00.409994
4406950,3414.24,1837.05,N,,04406950,Y,92.57309,24735.05181,22898.00181,-1188.85819,21320.81181,2022-11-17 10:25:00.558286
4406950,2874.12,1838.725,N,,04406950,Y,92.11344,23314.67527,21475.95027,-2609.23473,20440.55527,2022-11-17 11:25:00.652646
4406950,2874.12,1838.725,N,,04406950,Y,92.07803,23210.45901,21371.73401,-2713.45099,20336.33901,2022-11-17 12:25:01.054076
4406950,2874.12,1838.725,N,,04406950,Y,91.66083,22049.26126,20210.53626,-3874.64874,19175.14126,2022-11-17 13:25:00.165794
4406950,2874.12,1838.725,N,,04406950,Y,91.40692,21397.75151,19559.02651,-4526.15849,18523.63151,2022-11-17 14:25:00.269993
4406950,2874.12,1838.725,N,,04406950,Y,92.08259,23223.8132,21385.0882,-2700.0968,20349.6932,2022-11-17 15:25:00.755476
4406950,2874.12,1838.725,N,,04406950,Y,92.06217,23164.09019,21325.36519,-2759.81981,20289.97019,2022-11-17 16:25:00.969651
4406950,2874.12,1838.725,N,,04406950,Y,92.42867,24285.35239,22446.62739,-1638.55761,21411.23239,2022-11-17 17:25:01.301584
4406950,2874.12,1838.725,N,,04406950,Y,92.68487,25135.93356,23297.20856,-787.97644,22261.81356,2022-11-17 18:25:00.467542
4406950,2874.12,1838.725,N,,04406950,Y,92.61263,24890.11427,23051.38927,-1033.79573,22015.99427,2022-11-17 19:25:00.705792
4406950,2874.12,1838.725,N,,04406950,Y,92.54328,24658.6251,22819.9001,-1265.2849,21784.5051,2022-11-17 20:25:00.914858
4406950,2874.12,1838.725,N,,04406950,Y,92.71714,25247.28564,23408.56064,-676.62436,22373.16564,2022-11-17 21:25:01.162343
4406950,2874.12,1838.725,N,,04406950,Y,92.68518,25136.99077,23298.26577,-786.91923,22262.87077,2022-11-17 22:25:00.380123
4406950,2835.95,1838.725,N,,04406950,Y,92.67065,25087.15915,23248.43415,-47.81085,22251.20915,2022-11-17 23:25:00.589693
4406950,2835.95,1838.725,N,,04406950,Y,92.73295,25302.23065,23463.50565,167.26065,22466.28065,2022-11-18 00:25:00.814487
4406950,2835.95,1838.725,N,,04406950,Y,92.84548,25700.20174,23861.47674,565.23174,22864.25174,2022-11-18 01:25:00.998838
4406950,2835.95,1838.725,N,,04406950,Y,92.81906,25605.64877,23766.92377,470.67877,22769.69877,2022-11-18 02:25:01.252431
4406950,2835.95,1838.725,N,,04406950,Y,92.72231,25265.2207,23426.4957,130.2507,22429.2707,2022-11-18 03:25:00.757891
4406950,2835.95,1838.725,N,,04406950,Y,92.71503,25239.98088,23401.25588,105.01088,22404.03088,2022-11-18 04:25:01.049692
4406950,2835.95,1838.725,N,,04406950,Y,92.60062,24849.71501,23010.99001,-285.25499,22013.76501,2022-11-18 05:25:00.246672
4406950,2835.95,1838.725,N,,04406950,Y,92.57129,24751.59837,22912.87337,-383.37163,21915.64837,2022-11-18 06:25:00.687770
4406950,2835.95,1838.725,N,,04406950,Y,92.60885,24877.37682,23038.65182,-257.59318,22041.42682,2022-11-18 07:25:01.327520
4406950,2835.95,1838.725,N,,04406950,Y,92.37147,24103.27761,22264.55261,-1031.69239,21267.32761,2022-11-18 08:25:00.614189
4406950,2835.95,1838.725,N,,04406950,Y,92.75333,25373.36108,23534.63608,238.39108,22537.41108,2022-11-18 09:25:00.903035
4406950,2835.95,1838.725,N,,04406950,Y,92.72857,25286.98247,23448.25747,152.01247,22451.03247,2022-11-18 10:25:01.220770
4406950,2835.95,1838.725,N,,04406950,Y,92.82215,25616.65123,23777.92623,481.68123,22780.70123,2022-11-18 11:25:00.679422
4406950,2835.95,1838.725,N,,04406950,Y,92.9654,26138.29142,24299.56642,1003.32142,23302.34142,2022-11-18 12:25:01.052310
4406950,2835.95,1838.725,N,,04406950,Y,93.01807,26335.4983,24496.7733,1200.5283,23499.5483,2022-11-18 13:25:00.250437
4406950,2835.95,1838.725,N,,04406950,Y,92.86658,25776.19754,23937.47254,641.22754,22940.24754,2022-11-18 14:25:00.466784
4406950,2835.95,1838.725,N,,04406950,Y,92.73023,25292.7381,23454.0131,157.7681,22456.7881,2022-11-18 15:25:00.547138
4406950,2835.95,1838.725,N,,04406950,Y,92.81975,25608.08657,23769.36157,473.11657,22772.13657,2022-11-18 16:25:00.745415
4406950,2835.95,1838.725,N,,04406950,Y,92.36497,24082.7357,22244.0107,-1052.2343,21246.7857,2022-11-18 17:25:00.923135
4406950,2835.95,1838.725,N,,04406950,Y,92.54578,24666.89298,22828.16798,-468.07702,21830.94298,2022-11-18 18:25:01.216325
4406950,2835.95,1838.725,N,,04406950,Y,92.4749,24434.56123,22595.83623,-700.40877,21598.61123,2022-11-18 19:25:00.429359
4406950,2835.95,1838.725,N,,04406950,Y,92.53821,24641.87483,22803.14983,-493.09517,21805.92483,2022-11-18 20:25:00.644933
4406950,3201.45,1697.725,N,,04406950,Y,93.06952,24496.51028,22798.78528,-41.05972,21295.06028,2022-11-20 18:25:16.146506
4406950,3201.45,1697.725,N,,04406950,Y,93.04749,24418.87265,22721.14765,-118.69735,21217.42265,2022-11-20 19:25:28.251239
4406950,3201.45,1697.725,N,,04406950,Y,93.08512,24551.76823,22854.04323,14.19823,21350.31823,2022-11-20 20:25:24.327707
4406950,3201.45,1697.725,N,,04406950,Y,93.09684,24593.44643,22895.72143,55.87643,21391.99643,2022-11-20 21:25:04.340869
4406950,3201.45,1697.725,N,,04406950,Y,93.07174,24504.34772,22806.62272,-4.82228,21302.89772,2022-11-20 22:28:38.541405
4406950,4253.93,1744.475,N,,04406950,Y,92.87022,24467.45993,22722.98493,-41.71007,20213.52993,2022-11-20 23:25:01.053591
4406950,4965.02,1925.975,N,,04406950,Y,92.12611,24460.27947,22534.30447,-48.89053,19495.25947,2022-11-21 00:25:00.189888
4406950,4965.02,1925.975,N,,04406950,Y,91.80037,23488.56904,21562.59404,-1020.60096,18523.54904,2022-11-21 01:25:00.479294
4406950,5259.79,1911.375,N,,04406950,Y,91.87682,23529.88181,21618.50681,-979.28819,18270.09181,2022-11-21 03:25:00.364597
4406950,5259.79,1911.375,N,,04406950,Y,91.90173,23602.26282,21690.88782,-906.90718,18342.47282,2022-11-21 04:25:00.620457
4406950,5259.79,1911.375,N,,04406950,Y,91.80051,23310.90189,21399.52689,-1198.26811,18051.11189,2022-11-21 05:25:01.167968
4406950,5259.79,1911.375,N,,04406950,Y,91.93212,23691.16359,21779.78859,-818.00641,18431.37359,2022-11-21 06:25:00.262766
4406950,5259.79,1911.375,N,,04406950,Y,91.77708,23244.46648,21333.09148,-1264.70352,17984.67648,2022-11-21 07:25:00.580718
4406950,5259.79,1911.375,N,,04406950,Y,91.81295,23346.31853,21434.94353,-1162.85147,18086.52853,2022-11-21 08:25:00.900373
4406950,5259.79,1911.375,N,,04406950,Y,91.62663,22826.83355,20915.45855,-1682.33645,17567.04355,2022-11-21 09:25:01.020181
4406950,5259.79,1911.375,N,,04406950,Y,91.59123,22730.72854,20819.35354,-1778.44146,17470.93854,2022-11-21 10:25:00.238280
4406950,5259.79,1911.375,N,,04406950,Y,91.58215,22706.21976,20794.84476,-1802.95024,17446.42976,2022-11-21 11:25:00.541803
4406950,5259.79,1911.375,N,,04406950,Y,91.47541,22421.90674,20510.53174,-2087.26326,17162.11674,2022-11-21 12:25:00.683396
4406950,10865.64,1948.475,N,,04406950,Y,91.46108,22818.75432,20870.27932,-1690.41568,11953.11432,2022-11-21 13:25:00.833690
4406950,10865.64,1948.475,N,,04406950,Y,91.68308,23427.84018,21479.36518,-1081.32982,12562.20018,2022-11-21 14:25:01.039015
4406950,10865.64,1948.475,N,,04406950,Y,91.45629,22805.95868,20857.48368,-1703.21132,11940.31868,2022-11-21 15:25:00.382214
4406950,10865.64,1948.475,N,,04406950,Y,91.53914,23029.29037,21080.81537,-1479.87963,12163.65037,2022-11-21 16:25:00.557304
4406950,10865.64,1948.475,N,,04406950,Y,91.32829,22469.31951,20520.84451,-2039.85049,11603.67951,2022-11-21 17:25:01.002419
4406950,10865.64,1948.475,N,,04406950,Y,91.49157,22900.53451,20952.05951,-1608.63549,12034.89451,2022-11-21 18:25:00.544090
4406950,10865.64,1948.475,N,,04406950,Y,91.55014,23059.25318,21110.77818,-1449.91682,12193.61318,2022-11-21 19:25:00.813214
4406950,10865.64,1948.475,N,,04406950,Y,91.51087,22952.57539,21004.10039,-1556.59461,12086.93539,2022-11-21 20:25:01.140392
4406950,10865.64,1948.475,N,,04406950,Y,91.52367,22987.23634,21038.76134,-1521.93366,12121.59634,2022-11-21 21:25:00.550403
4406950,10865.64,1948.475,N,,04406950,Y,91.51387,22960.69207,21012.21707,-1548.47793,12095.05207,2022-11-21 22:25:00.985374
4406950,10811.1,1948.475,N,,04406950,Y,91.53836,23027.15218,21078.67718,26.85218,12216.05218,2022-11-21 23:25:01.123118
4406950,10811.1,1948.475,N,,04406950,Y,91.70608,23492.80614,21544.33114,492.50614,12681.70614,2022-11-22 00:25:00.371574
4406950,10811.1,1948.475,N,,04406950,Y,91.76084,23648.95247,21700.47747,648.65247,12837.85247,2022-11-22 01:25:00.483028
4406950,10673.39,1948.475,N,,04406950,Y,91.92935,24142.72945,22194.25445,1142.42945,13469.33945,2022-11-22 02:25:01.013196
4406950,10673.39,1948.475,N,,04406950,Y,91.8304,23850.29701,21901.82201,849.99701,13176.90701,2022-11-22 03:25:00.249123
4406950,10673.39,1948.475,N,,04406950,Y,91.82532,23835.47835,21887.00335,835.17835,13162.08835,2022-11-22 04:25:00.800876
4406950,10673.39,1948.475,N,,04406950,Y,91.88805,24019.80576,22071.33076,1019.50576,13346.41576,2022-11-22 05:25:01.077995
4406950,10630.83,1948.475,N,,04406950,Y,91.95033,24205.65809,22257.18309,1205.35809,13574.82809,2022-11-22 06:25:00.173935
4406950,10630.83,1948.475,N,,04406950,Y,91.80227,23768.45848,21819.98348,768.15848,13137.62848,2022-11-22 07:25:00.601401
4406950,10630.83,1948.475,N,,04406950,Y,91.91267,24092.92155,22144.44655,1092.62155,13462.09155,2022-11-22 08:25:00.971296
4406950,10630.83,1948.475,N,,04406950,Y,92.15921,24850.49213,22902.01713,1850.19213,14219.66213,2022-11-22 09:25:01.274234
4406950,10630.83,1948.475,N,,04406950,Y,92.23018,25077.48625,23129.01125,2077.18625,14446.65625,2022-11-22 10:25:00.735804
4406950,10630.83,1948.475,N,,04406950,Y,92.17438,24898.65781,22950.18281,1898.35781,14267.82781,2022-11-22 12:25:01.054960
4406950,10630.83,1948.475,N,,04406950,Y,92.22299,25054.28981,23105.81481,2053.98981,14423.45981,2022-11-22 13:25:00.340271
4406950,10630.83,1948.475,N,,04406950,Y,92.34034,25438.13532,23489.66032,2437.83532,14807.30532,2022-11-22 14:25:00.443412
4406950,10630.83,1948.475,N,,04406950,Y,92.34094,25440.12803,23491.65303,2439.82803,14809.29803,2022-11-22 15:25:00.781759
4406950,10630.83,1948.475,N,,04406950,Y,92.38239,25578.56923,23630.09423,2578.26923,14947.73923,2022-11-22 16:25:00.957067
4406950,10630.83,1948.475,N,,04406950,Y,92.34092,25440.06015,23491.58515,2439.76015,14809.23015,2022-11-22 17:25:01.302545
4406950,10630.83,1948.475,N,,04406950,Y,92.45697,25831.44703,23882.97203,2831.14703,15200.61703,2022-11-22 18:25:00.511311
4406950,10630.83,1948.475,N,,04406950,Y,92.47984,25910.02625,23961.55125,2909.72625,15279.19625,2022-11-22 19:25:00.603045
4406950,10630.83,1948.475,N,,04406950,Y,92.54026,26119.88622,24171.41122,3119.58622,15489.05622,2022-11-22 20:25:00.885428
4406950,10630.83,1948.475,N,,04406950,Y,92.55111,26157.9409,24209.4659,3157.6409,15527.1109,2022-11-22 21:25:01.253727
4406950,10630.83,1948.475,N,,04406950,Y,92.53544,26102.99878,24154.52378,3102.69878,15472.16878,2022-11-22 22:25:05.418533
4406950,10599.98,1948.475,N,,04406950,Y,92.54515,26137.00748,24188.53248,0.93748,15537.02748,2022-11-22 23:25:00.730286
4406950,10599.98,1948.475,N,,04406950,Y,92.59834,26324.82985,24376.35485,188.75985,15724.84985,2022-11-23 00:25:01.098943
4406950,10599.98,1948.475,N,,04406950,Y,92.59932,26328.33207,24379.85707,192.26207,15728.35207,2022-11-23 01:25:00.439987
4406950,10599.98,1948.475,N,,04406950,Y,92.54366,26131.78025,24183.30525,-4.28975,15531.80025,2022-11-23 02:25:00.821315
4406950,10599.98,1948.475,N,,04406950,Y,92.5813,26264.38062,24315.90562,128.31062,15664.40062,2022-11-23 03:25:00.929607
4406950,10599.98,1948.475,N,,04406950,Y,92.51438,26029.57413,24081.09913,-106.49587,15429.59413,2022-11-23 04:25:01.515010
4406950,10599.98,1948.475,N,,04406950,Y,92.49612,25966.24738,24017.77238,-169.82262,15366.26738,2022-11-23 05:25:00.729394
4406950,11298,1980.975,N,,04406950,Y,92.32596,25813.96545,23832.99045,-322.10455,14515.96545,2022-11-23 06:25:01.119630
4406950,11298,1980.975,N,,04406950,Y,92.34007,25861.53981,23880.56481,-274.53019,14563.53981,2022-11-23 07:25:00.524881
4406950,11298,1980.975,N,,04406950,Y,92.32611,25814.48296,23833.50796,-321.58704,14516.48296,2022-11-23 08:25:00.729917
4406950,11298,1980.975,N,,04406950,Y,92.36492,25945.71509,23964.74009,-190.35491,14647.71509,2022-11-23 09:25:00.899672
4406950,11298,1980.975,N,,04406950,Y,92.37845,25991.75455,24010.77955,-144.31545,14693.75455,2022-11-23 10:25:01.039741
4406950,11298,1980.975,N,,04406950,Y,92.27537,25644.91522,23663.94022,-491.15478,14346.91522,2022-11-23 11:25:00.243259
4406950,11298,1980.975,N,,04406950,Y,92.267,25617.17007,23636.19507,-518.89993,14319.17007,2022-11-23 12:25:00.421732
4406950,11298,1980.975,N,,04406950,Y,92.28756,25685.44778,23704.47278,-450.62222,14387.44778,2022-11-23 13:25:00.674718
4406950,11298,1980.975,N,,04406950,Y,92.35423,25909.41107,23928.43607,-226.65893,14611.41107,2022-11-23 14:25:01.342615
4406950,11298,1980.975,N,,04406950,Y,92.50267,26422.40511,24441.43011,286.33511,15124.40511,2022-11-23 15:25:00.736684
4406950,11298,1980.975,N,,04406950,Y,92.58869,26729.08685,24748.11185,593.01685,15431.08685,2022-11-23 16:25:01.180444
4406950,11298,1980.975,N,,04406950,Y,92.45166,26243.86367,24262.88867,107.79367,14945.86367,2022-11-23 17:25:00.375952
4406950,10629.2,1980.975,N,,04406950,Y,92.40171,26071.33732,24090.36232,-64.73268,15442.13732,2022-11-23 18:25:01.376948
4406950,10629.2,1980.975,N,,04406950,Y,92.60362,26783.03285,24802.05785,646.96285,16153.83285,2022-11-23 19:25:01.081814
4406950,10629.2,1980.975,N,,04406950,Y,92.64344,26928.02184,24947.04684,791.95184,16298.82184,2022-11-23 20:25:01.145362
4406950,10629.2,1980.975,N,,04406950,Y,92.62036,26843.80648,24862.83148,707.73648,16214.60648,2022-11-23 21:25:00.667815
4406950,10629.2,1980.975,N,,04406950,Y,92.57329,26673.64536,24692.67036,-96.41464,16044.44536,2022-11-23 22:25:01.180680
4406950,10610.87,1980.975,N,,04406950,Y,92.65731,26978.88932,24997.91432,208.82932,16368.01932,2022-11-23 23:25:00.536862
4406950,10610.87,1980.975,N,,04406950,Y,92.67681,27050.7149,25069.7399,280.6549,16439.8449,2022-11-24 00:25:00.873723
4406950,10610.87,1980.975,N,,04406950,Y,92.73261,27258.3927,25277.4177,488.3327,16647.5227,2022-11-24 01:25:01.787294
4406950,10610.87,1980.975,N,,04406950,Y,92.71124,27178.47364,25197.49864,408.41364,16567.60364,2022-11-24 02:25:01.207019
4406950,10610.87,1980.975,N,,04406950,Y,92.82506,27609.65405,25628.67905,839.59405,16998.78405,2022-11-24 03:25:00.662786
4406950,10610.87,1980.975,N,,04406950,Y,92.75773,27352.94931,25371.97431,582.88931,16742.07931,2022-11-24 04:25:01.328862
4406950,10610.87,1980.975,N,,04406950,Y,92.73284,27259.28928,25278.31428,489.22928,16648.41928,2022-11-24 05:25:00.422427
4406950,10610.87,1980.975,N,,04406950,Y,92.67781,27054.40081,25073.42581,284.34081,16443.53081,2022-11-24 06:25:01.314134
4406950,10610.87,1980.975,N,,04406950,Y,92.79548,27496.29292,25515.31792,726.23292,16885.42292,2022-11-24 07:25:00.483759
4406950,10610.87,1980.975,N,,04406950,Y,92.7219,27218.29264,25237.31764,448.23264,16607.42264,2022-11-24 08:25:01.004745
4406950,10610.87,1980.975,N,,04406950,Y,92.82599,27613.23418,25632.25918,843.17418,17002.36418,2022-11-24 09:25:00.376661
4406950,10610.87,1980.975,N,,04406950,Y,92.89725,27890.24199,25909.26699,1120.18199,17279.37199,2022-11-24 10:25:00.571990
4406950,10610.87,1980.975,N,,04406950,Y,92.97878,28214.10144,26233.12644,1444.04144,17603.23144,2022-11-24 11:25:00.932158
4406950,10610.87,1980.975,N,,04406950,Y,92.97412,28195.39426,26214.41926,1425.33426,17584.52426,2022-11-24 12:25:01.057232
4406950,10610.87,1980.975,N,,04406950,Y,92.93275,28030.33956,26049.36456,1260.27956,17419.46956,2022-11-24 13:25:00.476208
4406950,10610.87,1980.975,N,,04406950,Y,92.96315,28151.44604,26170.47104,1381.38604,17540.57604,2022-11-24 14:25:01.666938
4406950,10610.87,1980.975,N,,04406950,Y,92.97368,28193.63776,26212.66276,1423.57776,17582.76776,2022-11-24 15:25:00.976038
4406950,10610.87,1980.975,N,,04406950,Y,92.96414,28155.39545,26174.42045,1385.33545,17544.52545,2022-11-24 16:25:01.547985
4406950,10610.87,1980.975,N,,04406950,Y,92.97143,28184.61522,26203.64022,1414.55522,17573.74522,2022-11-24 17:25:00.736704
4406950,10610.87,1980.975,N,,04406950,Y,92.92631,28004.8508,26023.8758,1234.7908,17393.9808,2022-11-24 19:25:01.222391
4406950,10610.87,1980.975,N,,04406950,Y,92.92133,27985.14902,26004.17402,1215.08902,17374.27902,2022-11-24 20:25:00.471384
4406950,10610.87,1980.975,N,,04406950,Y,92.91448,27958.09208,25977.11708,1188.03208,17347.22208,2022-11-24 21:25:00.851924
4406950,10610.87,1980.975,N,,04406950,Y,92.8981,27893.58548,25912.61048,1123.52548,17282.71548,2022-11-24 22:25:02.342910
4406950,10566.88,1980.975,N,,04406950,Y,92.90397,27916.66096,25935.68596,-112.75904,17349.78096,2022-11-24 23:25:00.788814
4406950,10566.88,1980.975,N,,04406950,Y,92.86165,27751.17827,25770.20327,-278.24173,17184.29827,2022-11-25 00:25:01.328976
4406950,10566.88,1980.975,N,,04406950,Y,92.89521,27882.24439,25901.26939,-147.17561,17315.36439,2022-11-25 01:25:00.840027
4406950,10566.88,1980.975,N,,04406950,Y,93.04605,28487.03725,26506.06225,457.61725,17920.15725,2022-11-25 02:25:01.653479
4406950,10566.88,1980.975,N,,04406950,Y,93.00487,28319.34563,26338.37063,289.92563,17752.46563,2022-11-25 03:25:01.205907
4406950,10566.88,1980.975,N,,04406950,Y,93.06316,28557.29569,26576.32069,527.87569,17990.41569,2022-11-25 04:25:00.600276
4406950,12364.63,2079.675,N,,04406950,Y,92.65317,28307.1053,26227.4303,277.6853,15942.4753,2022-11-25 05:25:01.293690
4406950,12364.63,2079.675,N,,04406950,Y,92.63027,28219.14325,26139.46825,189.72325,15854.51325,2022-11-25 06:25:00.700937
4406950,12364.63,2079.675,N,,04406950,Y,92.58212,28035.96534,25956.29034,6.54534,15671.33534,2022-11-25 07:25:01.394780
4406950,12364.63,2079.675,N,,04406950,Y,92.59966,28102.44301,26022.76801,73.02301,15737.81301,2022-11-25 08:25:00.732252
4406950,12364.63,2079.675,N,,04406950,Y,92.44624,27531.66585,25451.99085,-497.75415,15167.03585,2022-11-25 09:25:02.199927
4406950,12364.63,2079.675,N,,04406950,Y,92.44078,27511.77695,25432.10195,-517.64305,15147.14695,2022-11-25 10:25:00.666697
4406950,12364.63,2079.675,N,,04406950,Y,92.43748,27499.74528,25420.07028,-529.67472,15135.11528,2022-11-25 11:25:00.925332
4406950,12364.63,2079.675,N,,04406950,Y,92.40792,27392.70679,25313.03179,-636.71321,15028.07679,2022-11-25 12:25:01.943690
4406950,13212.24,2167.175,N,,04406950,Y,92.09573,27417.78053,25250.60553,-611.63947,14205.54053,2022-11-25 13:25:01.208081
4406950,13212.24,2167.175,N,,04406950,Y,92.11472,27483.80662,25316.63162,-545.61338,14271.56662,2022-11-25 14:25:00.822168
4406950,13212.24,2167.175,N,,04406950,Y,92.13713,27562.15054,25394.97554,-467.26946,14349.91054,2022-11-25 15:25:01.324432
4406950,13212.24,2167.175,N,,04406950,Y,92.20935,27817.62915,25650.45415,-211.79085,14605.38915,2022-11-25 16:25:02.014868
4406950,13284.91,2169.675,N,,04406950,Y,92.21505,27870.12948,25700.45448,-159.29052,14585.21948,2022-11-25 19:25:01.340122
4406950,13284.91,2169.675,N,,04406950,Y,92.23397,27938.00977,25768.33477,-91.41023,14653.09977,2022-11-25 20:25:01.177034
4406950,13207.92,2318.5,N,,04406950,Y,91.63797,27726.50854,25408.00854,-79.62146,14518.58854,2022-11-27 20:38:43.713846
4406950,13375.56,2318.5,N,,04406950,Y,91.5578,27463.21666,25144.71666,-342.91334,14087.65666,2022-11-27 21:25:56.452001
4406950,14303.38,2468.5,N,,04406950,Y,90.96525,27322.29444,24853.79444,-52.92556,13018.91444,2022-11-27 22:26:51.012088
4406950,14331.11,2465,N,,04406950,Y,90.90744,27110.06649,24645.06649,-265.15351,12778.95649,2022-11-28 00:25:01.157447
4406950,14331.11,2465,N,,04406950,Y,91.41979,28728.90641,26263.90641,1353.68641,14397.79641,2022-11-28 01:25:00.328165
4406950,14331.11,2465,N,,04406950,Y,91.34512,28481.03326,26016.03326,1105.81326,14149.92326,2022-11-28 02:25:00.783673
4406950,14331.11,2465,N,,04406950,Y,91.19711,28002.1677,25537.1677,626.9477,13671.0577,2022-11-28 03:25:01.139423
4406950,14331.11,2465,N,,04406950,Y,91.21113,28046.82913,25581.82913,671.60913,13715.71913,2022-11-28 04:25:00.582401
4406950,14331.11,2465,N,,04406950,Y,91.25157,28176.49188,25711.49188,801.27188,13845.38188,2022-11-28 05:25:00.898944
4406950,14331.11,2465,N,,04406950,Y,91.21411,28056.33582,25591.33582,681.11582,13725.22582,2022-11-28 06:25:01.201572
4406950,14331.11,2465,N,,04406950,Y,91.20012,28011.74912,25546.74912,636.52912,13680.63912,2022-11-28 07:25:00.264457
4406950,14331.11,2465,N,,04406950,Y,91.1917,27984.97007,25519.97007,609.75007,13653.86007,2022-11-28 08:25:00.458136
4406950,14331.11,2465,N,,04406950,Y,91.24311,28149.27275,25684.27275,774.05275,13818.16275,2022-11-28 09:25:00.585648
4406950,14331.11,2465,N,,04406950,Y,91.13798,27815.3218,25350.3218,440.1018,13484.2118,2022-11-28 10:25:00.809443
4406950,14331.11,2465,N,,04406950,Y,91.06479,27587.49836,25122.49836,212.27836,13256.38836,2022-11-28 11:25:01.021770
4406950,14331.11,2465,N,,04406950,Y,91.05526,27558.10796,25093.10796,182.88796,13226.99796,2022-11-28 12:25:00.131018
4406950,14331.11,2465,N,,04406950,Y,90.92124,27151.278,24686.278,-223.942,12820.168,2022-11-28 13:25:00.321685
4406950,14331.11,2465,N,,04406950,Y,90.89674,27078.20183,24613.20183,-297.01817,12747.09183,2022-11-28 14:25:00.595182
4406950,14331.11,2465,N,,04406950,Y,90.75765,26670.70463,24205.70463,-704.51537,12339.59463,2022-11-28 15:25:00.876686
4406950,14331.11,2465,N,,04406950,Y,90.73322,26600.39604,24135.39604,-774.82396,12269.28604,2022-11-28 16:25:01.056848
4406950,14331.11,2465,N,,04406950,Y,90.69491,26490.88617,24025.88617,-884.33383,12159.77617,2022-11-28 17:25:00.141456
4406950,14331.11,2465,N,,04406950,Y,90.53494,26043.15764,23578.15764,-1332.06236,11712.04764,2022-11-28 18:25:00.633930
4406950,14331.11,2465,N,,04406950,Y,90.32584,25480.25221,23015.25221,-1894.96779,11149.14221,2022-11-28 19:25:00.851230
4406950,14331.11,2465,N,,04406950,Y,90.25852,25304.16689,22839.16689,-2071.05311,10973.05689,2022-11-28 20:25:01.334212
4406950,14331.11,2465,N,,04406950,Y,90.30651,25429.44907,22964.44907,-1945.77093,11098.33907,2022-11-28 21:25:00.552660
4406950,14331.11,2465,N,,04406950,Y,90.29911,25410.04279,22945.04279,-1965.17721,11078.93279,2022-11-28 22:25:01.029704
4406950,14301.23,2465,N,,04406950,Y,90.26698,25326.16622,22861.16622,-153.72378,11024.93622,2022-11-28 23:25:00.166080
4406950,14301.23,2465,N,,04406950,Y,90.29422,25397.24953,22932.24953,-82.64047,11096.01953,2022-11-29 00:25:00.369680
4406950,14301.23,2465,N,,04406950,Y,90.21463,25190.66837,22725.66837,-289.22163,10889.43837,2022-11-29 01:25:00.667987
4406950,14301.23,2465,N,,04406950,Y,90.05125,24776.98984,22311.98984,-702.90016,10475.75984,2022-11-29 02:25:01.165375
4406950,14301.23,2465,N,,04406950,Y,90.00872,24671.52545,22206.52545,-808.36455,10370.29545,2022-11-29 03:25:01.279363
4406950,14301.23,2465,N,,04406950,Y,89.93341,24486.94481,22021.94481,-992.94519,10185.71481,2022-11-29 04:25:00.869785
4406950,14301.23,2465,N,,04406950,Y,89.91502,24442.28608,21977.28608,-1037.60392,10141.05608,2022-11-29 05:25:01.430494
4406950,14329.76,2427.5,N,,04406950,Y,90.17325,24702.96701,22275.46701,-776.92299,10373.20701,2022-11-29 06:25:01.024966
4406950,14329.76,2427.5,N,,04406950,Y,90.39723,25279.16177,22851.66177,-200.72823,10949.40177,2022-11-29 07:25:00.416367
4406950,14329.76,2427.5,N,,04406950,Y,90.25889,24920.1689,22492.6689,-559.7211,10590.4089,2022-11-29 08:25:01.257186
4406950,14329.76,2427.5,N,,04406950,Y,90.17416,24705.26672,22277.76672,-774.62328,10375.50672,2022-11-29 09:25:01.515306
4406950,14329.76,2427.5,N,,04406950,Y,90.08347,24479.33775,22051.83775,-1000.55225,10149.57775,2022-11-29 10:25:01.224549
4406950,14329.76,2427.5,N,,04406950,Y,90.03876,24369.44482,21941.94482,-1110.44518,10039.68482,2022-11-29 11:25:00.588394
4406950,14329.76,2427.5,N,,04406950,Y,90.0532,24404.82701,21977.32701,-1075.06299,10075.06701,2022-11-29 12:25:02.285714
4406950,14329.76,2427.5,N,,04406950,Y,89.93838,24126.33936,21698.83936,-1353.55064,9796.57936,2022-11-29 13:25:00.887582
4406950,14329.76,2427.5,N,,04406950,Y,89.70347,23575.89787,21148.39787,-1903.99213,9246.13787,2022-11-29 14:25:01.223200
4406950,14329.76,2427.5,N,,04406950,Y,89.70868,23587.84917,21160.34917,-1892.04083,9258.08917,2022-11-29 15:25:01.041340
4406950,14329.76,2427.5,N,,04406950,Y,89.50547,23131.09633,20703.59633,-2348.79367,8801.33633,2022-11-29 16:25:01.310067
4406950,14329.76,2427.5,N,,04406950,Y,89.43559,22978.10202,20550.60202,-2501.78798,8648.34202,2022-11-29 17:25:00.889254
4406950,17253.45,2387.1,N,,04406950,Y,89.77352,23342.33601,20955.23601,-2137.55399,6088.88601,2022-11-29 18:25:01.070939
4406950,17253.45,2387.1,N,,04406950,Y,89.81014,23426.21899,21039.11899,-2053.67101,6172.76899,2022-11-29 19:25:05.730158
4406950,17253.45,2387.1,N,,04406950,Y,89.7888,23377.26723,20990.16723,-2102.62277,6123.81723,2022-11-29 20:25:01.743292
4406950,17253.45,2387.1,N,,04406950,Y,89.80687,23418.72328,21031.62328,-2061.16672,6165.27328,2022-11-29 21:25:01.072096
4406950,17253.45,2387.1,N,,04406950,Y,89.75783,23306.57405,20919.47405,-2173.31595,6053.12405,2022-11-29 22:25:03.821595
4406950,17236.53,2387.1,N,,04406950,Y,89.78121,23359.90892,20972.80892,-39.07108,6123.37892,2022-11-29 23:25:00.894869
4406950,17236.53,2387.1,N,,04406950,Y,89.73464,23253.93454,20866.83454,-145.04546,6017.40454,2022-11-30 00:25:04.605588
4406950,17236.53,2387.1,N,,04406950,Y,89.73094,23245.54876,20858.44876,-153.43124,6009.01876,2022-11-30 01:25:01.493919
4406950,17236.53,2387.1,N,,04406950,Y,89.57483,22897.47323,20510.37323,-501.50677,5660.94323,2022-11-30 02:25:01.287807
4406950,17236.53,2387.1,N,,04406950,Y,89.56225,22869.86786,20482.76786,-529.11214,5633.33786,2022-11-30 03:25:00.467510
4406950,17236.53,2387.1,N,,04406950,Y,89.53016,22799.78097,20412.68097,-599.19903,5563.25097,2022-11-30 04:25:01.188172
4406950,17236.53,2387.1,N,,04406950,Y,89.34435,22402.20365,20015.10365,-996.77635,5165.67365,2022-11-30 05:25:00.673217
4406950,17236.53,2387.1,N,,04406950,Y,89.62118,22999.73159,20612.63159,-399.24841,5763.20159,2022-11-30 06:25:01.658590
4406950,17236.53,2387.1,N,,04406950,Y,89.30095,22311.32938,19924.22938,-1087.65062,5074.79938,2022-11-30 07:25:02.370059
4406950,16465.65,2357.1,N,,04406950,Y,89.146,21716.42254,19359.32254,-1682.55746,5250.77254,2022-11-30 09:25:01.209392
4406950,16465.65,2357.1,N,,04406950,Y,88.98331,21395.71744,19038.61744,-2003.26256,4930.06744,2022-11-30 10:25:01.485281
4406950,16465.65,2357.1,N,,04406950,Y,88.9701,21370.08841,19012.98841,-2028.89159,4904.43841,2022-11-30 11:25:01.535312
4406950,16465.65,2357.1,N,,04406950,Y,88.94414,21319.91034,18962.81034,-2079.06966,4854.26034,2022-11-30 12:25:01.888051
4406950,16465.65,2357.1,N,,04406950,Y,88.76966,20988.67019,18631.57019,-2410.30981,4523.02019,2022-11-30 13:25:02.221613
4406950,16465.65,2357.1,N,,04406950,Y,88.68689,20835.11702,18478.01702,-2563.86298,4369.46702,2022-11-30 14:25:01.574774
4406950,16465.65,2357.1,N,,04406950,Y,88.75421,20959.83635,18602.73635,-2439.14365,4494.18635,2022-11-30 15:25:01.538911
4406950,16465.65,2357.1,N,,04406950,Y,88.94352,21318.71161,18961.61161,-2080.26839,4853.06161,2022-11-30 16:25:01.550391
4406950,16465.65,2357.1,N,,04406950,Y,89.02408,21475.18908,19118.08908,-1923.79092,5009.53908,2022-11-30 17:25:01.691495
4406950,16465.65,2357.1,N,,04406950,Y,89.03394,21494.50805,19137.40805,-1904.47195,5028.85805,2022-11-30 18:25:01.603990
4406950,16465.65,2357.1,N,,04406950,Y,88.88001,21196.95857,18839.85857,-2202.02143,4731.30857,2022-11-30 19:25:01.587901
4406950,16465.65,2357.1,N,,04406950,Y,88.73214,20918.79087,18561.69087,-2480.18913,4453.14087,2022-11-30 20:25:03.055720
4406950,16465.65,2357.1,N,,04406950,Y,88.91506,21263.98014,18906.88014,-2134.99986,4798.33014,2022-11-30 21:25:00.677830
4406950,16465.65,2357.1,N,,04406950,Y,88.8701,21178.0834,18820.9834,-2220.8966,4712.4334,2022-11-30 22:25:01.976430
4406950,16465.65,2357.1,N,,04406950,Y,88.84585,21132.04757,18774.94757,-68.06243,4666.39757,2022-11-30 23:25:01.464582
